sev,score,Date,srcIP,dstIP,SPort,DPort,Sfirst,Dfirst,Stotal,Dtotal,Spkts,Dpkts,srcIpInternal,destIpInternal,srcGeo,dstGeo,srcDomain,dstDomain
0,1.50E-07,4/14/2013 15:10,10.70.68.127,172.30.0.4,6395,80,0,0,278,116,5,2,0,1,-;- Private IP Address LAN,-;- Private IP Address LAN,-,-
0,1.50E-07,4/14/2013 15:09,10.70.68.127,172.30.0.4,55759,80,19,1006,297,1114,5,2,0,1,-;- Private IP Address LAN,-;- Private IP Address LAN,-,-
0,1.51E-07,4/10/2013 17:16,10.13.77.49,172.10.0.40,61783,80,0,0,148,108,2,2,0,1,-;- Private IP Address LAN,Texas;Richardson Laurie Hatfield DBA,-,sbcglobal.net
0,1.51E-07,4/14/2013 15:16,10.13.77.49,172.10.0.2,0,0,0,0,354,354,2,2,0,1,-;- Private IP Address LAN,California;San Diego Gregory Hout Attorney at Law,-,sbcglobal.net
0,1.51E-07,4/14/2013 17:16,10.13.77.49,172.10.0.40,47131,80,0,0,206,162,3,3,0,1,-;- Private IP Address LAN,Texas;Richardson Laurie Hatfield DBA,-,sbcglobal.net
0,1.51E-07,4/14/2013 14:56,10.13.77.49,172.10.0.3,35579,25,0,0,112,58,2,1,0,1,-;- Private IP Address LAN,California;San Diego Gregory Hout Attorney at Law,-,sbcglobal.net
0,1.51E-07,4/14/2013 15:16,10.13.77.49,172.20.0.3,46032,25,0,0,496,280,8,4,0,1,-;- Private IP Address LAN,-;- Private IP Address LAN,-,-
0,1.72E-07,4/11/2013 12:57,10.200.20.2,172.30.0.4,3247,80,0,0,286,62,5,1,0,1,-;- Private IP Address LAN,-;- Private IP Address LAN,-,-
0,1.75E-07,4/14/2013 16:21,10.138.235.111,172.10.0.40,61471,80,0,0,148,108,2,2,0,1,-;- Private IP Address LAN,Texas;Richardson Laurie Hatfield DBA,-,sbcglobal.net
0,1.75E-07,4/15/2013 7:51,10.138.235.111,172.30.0.3,57672,25,0,94,224,318,4,4,0,1,-;- Private IP Address LAN,-;- Private IP Address LAN,-,-
0,1.75E-07,4/11/2013 12:19,10.138.235.111,172.30.0.4,10906,80,19,1006,243,1114,4,2,0,1,-;- Private IP Address LAN,-;- Private IP Address LAN,-,-
0,1.75E-07,4/14/2013 17:53,10.138.235.111,172.30.0.3,57363,25,0,94,286,318,5,4,0,1,-;- Private IP Address LAN,-;- Private IP Address LAN,-,-
0,1.75E-07,4/15/2013 7:51,10.138.235.111,172.30.0.2,60574,3389,0,0,260,182,4,3,0,1,-;- Private IP Address LAN,-;- Private IP Address LAN,-,-
0,1.75E-07,4/15/2013 7:51,10.138.235.111,172.30.0.3,60586,25,0,0,240,132,4,2,0,1,-;- Private IP Address LAN,-;- Private IP Address LAN,-,-
0,1.75E-07,4/14/2013 16:21,10.138.235.111,172.10.0.40,61466,3389,0,0,240,132,4,2,0,1,-;- Private IP Address LAN,Texas;Richardson Laurie Hatfield DBA,-,sbcglobal.net
0,1.75E-07,4/15/2013 7:51,10.138.235.111,172.30.0.3,57673,80,18,1412,296,1636,5,4,0,1,-;- Private IP Address LAN,-;- Private IP Address LAN,-,-
0,1.79E-07,4/10/2013 7:44,10.78.100.150,172.20.0.4,12182,80,189,1401,413,1571,4,3,0,1,-;- Private IP Address LAN,-;- Private IP Address LAN,-,-
0,1.88E-07,4/14/2013 14:47,10.13.77.49,172.30.0.4,7493,80,0,503,278,619,5,2,0,1,-;- Private IP Address LAN,-;- Private IP Address LAN,-,-
0,2.18E-07,4/15/2013 7:51,10.138.235.111,172.30.0.3,57682,25,24,462,356,848,6,7,0,1,-;- Private IP Address LAN,-;- Private IP Address LAN,-,-
0,2.38E-07,4/14/2013 14:54,10.138.235.111,172.30.0.4,20843,80,0,503,224,673,4,3,0,1,-;- Private IP Address LAN,-;- Private IP Address LAN,-,-
0,2.76E-07,4/14/2013 14:54,10.138.235.111,172.30.0.4,17339,80,19,1006,297,1114,5,2,0,1,-;- Private IP Address LAN,-;- Private IP Address LAN,-,-
0,2.79E-07,4/14/2013 15:36,10.13.77.49,172.10.0.40,35823,3389,0,0,240,132,4,2,0,1,-;- Private IP Address LAN,Texas;Richardson Laurie Hatfield DBA,-,sbcglobal.net
0,2.87E-07,4/11/2013 12:23,10.10.11.102,172.20.0.4,21630,80,19,1006,297,1114,5,2,0,1,-;- Private IP Address LAN,-;- Private IP Address LAN,-,-
0,2.87E-07,4/11/2013 12:23,10.10.11.102,172.20.0.4,21632,80,19,1006,297,1114,5,2,0,1,-;- Private IP Address LAN,-;- Private IP Address LAN,-,-
0,3.08E-07,4/14/2013 17:16,10.13.77.49,172.10.0.40,47126,3389,0,0,240,132,4,2,0,1,-;- Private IP Address LAN,Texas;Richardson Laurie Hatfield DBA,-,sbcglobal.net
0,3.08E-07,4/10/2013 17:16,10.13.77.49,172.10.0.40,61778,3389,0,0,240,132,4,2,0,1,-;- Private IP Address LAN,Texas;Richardson Laurie Hatfield DBA,-,sbcglobal.net
0,3.08E-07,4/14/2013 15:16,10.13.77.49,172.20.0.15,59267,3389,0,0,260,182,4,3,0,1,-;- Private IP Address LAN,-;- Private IP Address LAN,-,-
0,3.08E-07,4/14/2013 15:16,10.13.77.49,172.20.0.5,59267,3389,0,0,260,182,4,3,0,1,-;- Private IP Address LAN,-;- Private IP Address LAN,-,-
0,3.39E-07,4/13/2013 10:24,10.17.15.10,172.10.0.3,26352,25,24,459,356,845,6,7,0,1,-;- Private IP Address LAN,California;San Diego Gregory Hout Attorney at Law,-,sbcglobal.net
0,3.39E-07,4/13/2013 10:34,10.17.15.10,172.10.0.40,40809,3389,0,0,240,132,4,2,0,1,-;- Private IP Address LAN,Texas;Richardson Laurie Hatfield DBA,-,sbcglobal.net
0,3.39E-07,4/13/2013 10:24,10.17.15.10,172.10.0.3,40710,25,0,0,240,132,4,2,0,1,-;- Private IP Address LAN,California;San Diego Gregory Hout Attorney at Law,-,sbcglobal.net
0,3.39E-07,4/13/2013 10:23,10.17.15.10,172.10.0.3,26337,25,0,94,224,318,4,4,0,1,-;- Private IP Address LAN,California;San Diego Gregory Hout Attorney at Law,-,sbcglobal.net
0,3.39E-07,4/13/2013 10:34,10.17.15.10,172.10.0.40,40814,80,0,0,148,108,2,2,0,1,-;- Private IP Address LAN,Texas;Richardson Laurie Hatfield DBA,-,sbcglobal.net
0,3.39E-07,4/13/2013 10:23,10.17.15.10,172.10.0.3,26338,80,18,1412,296,1582,5,3,0,1,-;- Private IP Address LAN,California;San Diego Gregory Hout Attorney at Law,-,sbcglobal.net
0,3.49E-07,4/12/2013 5:44,10.12.15.152,172.10.0.3,38915,25,24,460,356,846,6,7,0,1,-;- Private IP Address LAN,California;San Diego Gregory Hout Attorney at Law,-,sbcglobal.net
0,3.49E-07,4/13/2013 22:31,10.12.15.152,172.10.0.3,39110,25,24,460,356,846,6,7,0,1,-;- Private IP Address LAN,California;San Diego Gregory Hout Attorney at Law,-,sbcglobal.net
0,3.49E-07,4/12/2013 5:44,10.12.15.152,172.10.0.3,38901,80,18,1412,296,1690,5,5,0,1,-;- Private IP Address LAN,California;San Diego Gregory Hout Attorney at Law,-,sbcglobal.net
0,3.49E-07,4/13/2013 22:30,10.12.15.152,172.10.0.3,39095,25,0,94,224,318,4,4,0,1,-;- Private IP Address LAN,California;San Diego Gregory Hout Attorney at Law,-,sbcglobal.net
0,3.49E-07,4/13/2013 5:44,10.12.15.152,172.10.0.3,49327,25,0,0,112,116,2,2,0,1,-;- Private IP Address LAN,California;San Diego Gregory Hout Attorney at Law,-,sbcglobal.net
0,3.49E-07,4/12/2013 5:56,10.12.15.152,172.10.0.40,37818,80,0,0,148,108,2,2,0,1,-;- Private IP Address LAN,Texas;Richardson Laurie Hatfield DBA,-,sbcglobal.net
0,3.49E-07,4/11/2013 10:35,10.12.15.152,172.10.0.3,37551,25,0,0,112,116,2,2,0,1,-;- Private IP Address LAN,California;San Diego Gregory Hout Attorney at Law,-,sbcglobal.net
0,3.49E-07,4/11/2013 11:09,10.12.15.152,172.20.0.3,58150,25,0,0,112,116,2,2,0,1,-;- Private IP Address LAN,-;- Private IP Address LAN,-,-
0,3.49E-07,4/12/2013 5:56,10.12.15.152,172.10.0.40,37813,3389,0,0,240,132,4,2,0,1,-;- Private IP Address LAN,Texas;Richardson Laurie Hatfield DBA,-,sbcglobal.net
0,3.49E-07,4/13/2013 22:43,10.12.15.152,172.10.0.40,49578,3389,0,0,240,132,4,2,0,1,-;- Private IP Address LAN,Texas;Richardson Laurie Hatfield DBA,-,sbcglobal.net
0,3.49E-07,4/13/2013 22:31,10.12.15.152,172.10.0.3,49466,25,0,0,240,132,4,2,0,1,-;- Private IP Address LAN,California;San Diego Gregory Hout Attorney at Law,-,sbcglobal.net
0,3.49E-07,4/12/2013 5:44,10.12.15.152,172.10.0.3,37621,25,0,0,240,132,4,2,0,1,-;- Private IP Address LAN,California;San Diego Gregory Hout Attorney at Law,-,sbcglobal.net
0,3.49E-07,4/12/2013 5:44,10.12.15.152,172.10.0.3,38900,25,0,94,224,318,4,4,0,1,-;- Private IP Address LAN,California;San Diego Gregory Hout Attorney at Law,-,sbcglobal.net
0,3.49E-07,4/13/2013 22:43,10.12.15.152,172.10.0.40,49583,80,0,0,148,108,2,2,0,1,-;- Private IP Address LAN,Texas;Richardson Laurie Hatfield DBA,-,sbcglobal.net
0,3.49E-07,4/11/2013 12:07,10.12.15.152,172.10.0.5,37811,3389,0,0,112,174,2,3,0,1,-;- Private IP Address LAN,California;San Diego Gregory Hout Attorney at Law,-,sbcglobal.net
0,3.49E-07,4/13/2013 22:31,10.12.15.152,172.10.0.2,0,0,0,0,354,354,2,2,0,1,-;- Private IP Address LAN,California;San Diego Gregory Hout Attorney at Law,-,sbcglobal.net
0,3.49E-07,4/13/2013 22:31,10.12.15.152,172.10.0.3,39096,80,18,1412,296,1636,5,4,0,1,-;- Private IP Address LAN,California;San Diego Gregory Hout Attorney at Law,-,sbcglobal.net
0,3.52E-07,4/11/2013 21:18,10.6.6.7,172.20.0.2,0,0,0,0,354,354,2,2,0,1,-;- Private IP Address LAN,-;- Private IP Address LAN,-,-
0,3.52E-07,4/11/2013 21:18,10.6.6.7,172.20.0.3,36931,25,0,94,224,318,4,4,0,1,-;- Private IP Address LAN,-;- Private IP Address LAN,-,-
0,3.52E-07,4/11/2013 21:18,10.6.6.7,172.20.0.3,52254,25,0,0,240,132,4,2,0,1,-;- Private IP Address LAN,-;- Private IP Address LAN,-,-
0,3.52E-07,4/11/2013 21:18,10.6.6.7,172.20.0.5,36935,3389,11,11,235,235,4,4,0,1,-;- Private IP Address LAN,-;- Private IP Address LAN,-,-
0,3.52E-07,4/14/2013 16:36,10.6.6.7,172.30.0.2,41573,3389,0,0,190,108,3,2,0,1,-;- Private IP Address LAN,-;- Private IP Address LAN,-,-
0,3.52E-07,4/11/2013 21:18,10.6.6.7,172.20.0.3,36932,80,18,1412,296,1636,5,4,0,1,-;- Private IP Address LAN,-;- Private IP Address LAN,-,-
0,3.52E-07,4/11/2013 21:19,10.6.6.7,172.20.0.3,36959,25,24,456,356,842,6,7,0,1,-;- Private IP Address LAN,-;- Private IP Address LAN,-,-
0,3.64E-07,4/14/2013 14:31,10.38.217.48,172.10.0.4,5552,80,19,503,289,611,5,2,0,1,-;- Private IP Address LAN,California;San Diego Gregory Hout Attorney at Law,-,sbcglobal.net
0,3.66E-07,4/11/2013 12:01,10.78.100.150,172.10.0.4,29933,80,19,503,289,611,5,2,0,1,-;- Private IP Address LAN,California;San Diego Gregory Hout Attorney at Law,-,sbcglobal.net
0,3.77E-07,4/14/2013 15:02,10.78.100.150,172.10.0.4,42726,80,19,1006,181,1114,3,2,0,1,-;- Private IP Address LAN,California;San Diego Gregory Hout Attorney at Law,-,sbcglobal.net
0,3.78E-07,4/11/2013 12:08,10.247.106.27,172.20.0.4,17675,80,0,0,224,178,4,3,0,1,-;- Private IP Address LAN,-;- Private IP Address LAN,-,-
0,4.00E-07,4/11/2013 12:29,10.200.20.2,172.30.0.4,1192,80,0,503,278,619,5,2,0,1,-;- Private IP Address LAN,-;- Private IP Address LAN,-,-
0,4.00E-07,4/11/2013 12:29,10.200.20.2,172.30.0.4,1193,80,0,503,278,619,5,2,0,1,-;- Private IP Address LAN,-;- Private IP Address LAN,-,-
0,4.08E-07,4/11/2013 12:44,10.138.214.18,172.20.0.15,48367,80,19,1006,289,1114,5,2,0,1,-;- Private IP Address LAN,-;- Private IP Address LAN,-,-
0,4.13E-07,4/12/2013 15:33,10.12.15.152,172.10.0.2,47373,3389,0,0,260,58,4,1,0,1,-;- Private IP Address LAN,California;San Diego Gregory Hout Attorney at Law,-,sbcglobal.net
0,4.16E-07,4/11/2013 11:59,10.12.14.15,172.10.0.4,55796,80,19,1006,351,1114,6,2,0,1,-;- Private IP Address LAN,California;San Diego Gregory Hout Attorney at Law,-,sbcglobal.net
0,4.37E-07,4/11/2013 12:23,10.170.32.181,172.20.0.4,38610,80,19,1006,289,1114,5,2,0,1,-;- Private IP Address LAN,-;- Private IP Address LAN,-,-
0,4.37E-07,4/11/2013 12:23,10.170.32.181,172.20.0.4,38609,80,19,1006,289,1114,5,2,0,1,-;- Private IP Address LAN,-;- Private IP Address LAN,-,-
0,4.44E-07,4/14/2013 14:39,10.13.77.49,172.10.0.4,42390,80,19,1006,289,1114,5,2,0,1,-;- Private IP Address LAN,California;San Diego Gregory Hout Attorney at Law,-,sbcglobal.net
0,4.44E-07,4/14/2013 14:39,10.13.77.49,172.10.0.4,42391,80,19,1006,289,1114,5,2,0,1,-;- Private IP Address LAN,California;San Diego Gregory Hout Attorney at Law,-,sbcglobal.net
0,4.44E-07,4/14/2013 14:39,10.13.77.49,172.10.0.4,42392,80,19,1006,289,1114,5,2,0,1,-;- Private IP Address LAN,California;San Diego Gregory Hout Attorney at Law,-,sbcglobal.net
0,4.44E-07,4/14/2013 14:39,10.13.77.49,172.10.0.4,42393,80,19,1006,289,1114,5,2,0,1,-;- Private IP Address LAN,California;San Diego Gregory Hout Attorney at Law,-,sbcglobal.net
0,4.45E-07,4/14/2013 15:10,10.70.68.127,172.30.0.4,6396,80,0,0,278,178,5,3,0,1,-;- Private IP Address LAN,-;- Private IP Address LAN,-,-
0,4.62E-07,4/14/2013 15:12,10.15.7.85,172.30.0.4,55207,80,0,0,278,170,5,3,0,1,-;- Private IP Address LAN,-;- Private IP Address LAN,-,-
0,4.73E-07,4/11/2013 11:59,10.38.217.48,172.10.0.4,1292,80,19,1006,289,1114,5,2,0,1,-;- Private IP Address LAN,California;San Diego Gregory Hout Attorney at Law,-,sbcglobal.net
0,4.83E-07,4/14/2013 15:05,10.13.77.49,172.20.0.3,41139,25,0,0,112,116,2,2,0,1,-;- Private IP Address LAN,-;- Private IP Address LAN,-,-
0,4.83E-07,4/14/2013 15:06,10.13.77.49,172.20.0.3,46072,25,0,0,112,116,2,2,0,1,-;- Private IP Address LAN,-;- Private IP Address LAN,-,-
0,4.83E-07,4/14/2013 15:04,10.13.77.49,172.20.0.3,41121,25,0,0,112,116,2,2,0,1,-;- Private IP Address LAN,-;- Private IP Address LAN,-,-
0,5.12E-07,4/11/2013 12:07,10.78.100.150,172.10.0.4,14532,80,0,0,224,178,4,3,0,1,-;- Private IP Address LAN,California;San Diego Gregory Hout Attorney at Law,-,sbcglobal.net
0,5.17E-07,4/12/2013 15:33,10.12.14.15,172.20.0.3,5067,80,18,1412,296,1636,5,4,0,1,-;- Private IP Address LAN,-;- Private IP Address LAN,-,-
0,5.18E-07,4/15/2013 7:51,10.138.235.111,172.30.0.7,57680,80,18,297,296,467,5,3,0,1,-;- Private IP Address LAN,-;- Private IP Address LAN,-,-
0,5.18E-07,4/15/2013 7:51,10.138.235.111,172.30.0.6,57678,80,18,297,296,467,5,3,0,1,-;- Private IP Address LAN,-;- Private IP Address LAN,-,-
0,5.18E-07,4/15/2013 7:51,10.138.235.111,172.30.0.5,57676,80,18,297,296,467,5,3,0,1,-;- Private IP Address LAN,-;- Private IP Address LAN,-,-
0,5.32E-07,4/14/2013 14:29,10.247.106.27,172.20.0.4,26341,80,19,0,467,124,8,2,0,1,-;- Private IP Address LAN,-;- Private IP Address LAN,-,-
0,5.52E-07,4/11/2013 12:01,10.78.100.150,172.10.0.4,29827,80,19,0,243,170,4,3,0,1,-;- Private IP Address LAN,California;San Diego Gregory Hout Attorney at Law,-,sbcglobal.net
0,5.52E-07,4/11/2013 12:01,10.78.100.150,172.10.0.4,29828,80,19,0,243,170,4,3,0,1,-;- Private IP Address LAN,California;San Diego Gregory Hout Attorney at Law,-,sbcglobal.net
0,5.52E-07,4/11/2013 12:01,10.78.100.150,172.10.0.4,29829,80,19,0,243,170,4,3,0,1,-;- Private IP Address LAN,California;San Diego Gregory Hout Attorney at Law,-,sbcglobal.net
0,5.58E-07,4/14/2013 15:02,10.138.214.18,172.20.0.15,46389,80,19,1006,289,1114,5,2,0,1,-;- Private IP Address LAN,-;- Private IP Address LAN,-,-
0,5.66E-07,4/14/2013 16:14,10.138.235.111,172.10.0.2,61436,3389,0,0,260,58,4,1,0,1,-;- Private IP Address LAN,California;San Diego Gregory Hout Attorney at Law,-,sbcglobal.net
0,5.69E-07,4/11/2013 11:58,10.57.81.245,172.30.0.4,16791,80,194,6094,418,6426,4,6,0,1,-;- Private IP Address LAN,-;- Private IP Address LAN,-,-
0,5.75E-07,4/11/2013 12:09,172.10.2.66,10.0.0.6,26028,80,175,432,337,594,3,3,1,0,Texas;Richardson Purolator International,-;- Private IP Address LAN,sbcglobal.net,-
0,5.76E-07,4/13/2013 7:11,172.20.1.81,10.0.3.77,3275,22,0,0,186,108,3,2,1,0,-;- Private IP Address LAN,-;- Private IP Address LAN,-,-
0,5.76E-07,4/14/2013 13:27,172.10.2.106,10.0.0.6,11937,80,175,432,345,656,3,4,1,0,Texas;Richardson Sunline Energy Inc,-;- Private IP Address LAN,sbcglobal.net,-
0,5.77E-07,4/14/2013 1:41,172.30.1.218,10.0.3.77,18325,22,0,0,186,108,3,2,1,0,-;- Private IP Address LAN,-;- Private IP Address LAN,-,-
0,5.77E-07,4/14/2013 14:47,172.30.1.218,10.0.0.7,26194,80,175,0,399,116,4,2,1,0,-;- Private IP Address LAN,-;- Private IP Address LAN,-,-
0,5.95E-07,4/11/2013 12:08,10.170.32.181,172.20.0.4,49169,80,0,0,224,178,4,3,0,1,-;- Private IP Address LAN,-;- Private IP Address LAN,-,-
0,5.95E-07,4/11/2013 12:08,10.170.32.181,172.20.0.4,49145,80,0,0,224,178,4,3,0,1,-;- Private IP Address LAN,-;- Private IP Address LAN,-,-
0,5.95E-07,4/11/2013 12:08,10.170.32.181,172.20.0.4,49168,80,0,0,224,178,4,3,0,1,-;- Private IP Address LAN,-;- Private IP Address LAN,-,-
0,5.97E-07,4/12/2013 15:33,10.12.14.15,172.20.0.3,5066,25,0,94,224,318,4,4,0,1,-;- Private IP Address LAN,-;- Private IP Address LAN,-,-
0,5.97E-07,4/12/2013 15:34,10.12.14.15,172.20.0.3,51636,25,0,0,240,132,4,2,0,1,-;- Private IP Address LAN,-;- Private IP Address LAN,-,-
0,5.99E-07,4/12/2013 15:34,10.12.14.15,172.20.0.3,5094,25,24,459,356,845,6,7,0,1,-;- Private IP Address LAN,-;- Private IP Address LAN,-,-
0,6.02E-07,4/11/2013 12:18,10.57.84.113,172.30.0.4,21123,80,198,0,368,62,3,1,0,1,-;- Private IP Address LAN,-;- Private IP Address LAN,-,-
0,6.29E-07,4/14/2013 14:35,10.17.15.10,172.20.0.15,2402,80,19,0,297,116,5,2,0,1,-;- Private IP Address LAN,-;- Private IP Address LAN,-,-
0,6.29E-07,4/14/2013 17:04,10.13.77.49,172.10.0.2,46953,3389,0,0,296,0,4,0,0,1,-;- Private IP Address LAN,California;San Diego Gregory Hout Attorney at Law,-,sbcglobal.net
0,6.29E-07,4/14/2013 17:04,10.13.77.49,172.10.0.2,46946,3389,0,0,296,0,4,0,0,1,-;- Private IP Address LAN,California;San Diego Gregory Hout Attorney at Law,-,sbcglobal.net
0,6.32E-07,4/11/2013 12:16,172.10.0.40,10.7.5.5,2811,21,0,0,124,108,2,2,1,0,Texas;Richardson Laurie Hatfield DBA,-;- Private IP Address LAN,sbcglobal.net,-
0,6.32E-07,4/11/2013 12:15,172.10.0.40,10.199.250.2,2777,21,199,578,1449,1720,23,21,1,0,Texas;Richardson Laurie Hatfield DBA,-;- Private IP Address LAN,sbcglobal.net,-
0,6.47E-07,4/14/2013 15:16,10.13.77.49,172.20.0.15,46038,3389,0,0,148,108,2,2,0,1,-;- Private IP Address LAN,-;- Private IP Address LAN,-,-
0,6.47E-07,4/14/2013 15:16,10.13.77.49,172.20.0.5,46038,3389,0,0,148,108,2,2,0,1,-;- Private IP Address LAN,-;- Private IP Address LAN,-,-
0,6.47E-07,4/14/2013 15:01,10.13.77.49,172.20.0.15,41010,3389,0,0,112,116,2,2,0,1,-;- Private IP Address LAN,-;- Private IP Address LAN,-,-
0,6.53E-07,4/14/2013 6:55,172.10.0.3,10.3.1.25,33941,25,0,0,194,0,3,0,1,0,California;San Diego Gregory Hout Attorney at Law,-;- Private IP Address LAN,sbcglobal.net,-
0,6.79E-07,4/11/2013 11:58,10.12.14.15,172.10.0.4,45147,80,19,1006,235,1114,4,2,0,1,-;- Private IP Address LAN,California;San Diego Gregory Hout Attorney at Law,-,sbcglobal.net
0,6.79E-07,4/11/2013 11:58,10.12.14.15,172.10.0.4,45148,80,19,1006,235,1114,4,2,0,1,-;- Private IP Address LAN,California;San Diego Gregory Hout Attorney at Law,-,sbcglobal.net
0,6.90E-07,4/14/2013 15:02,10.138.235.111,172.10.0.2,61426,3389,0,0,112,116,2,2,0,1,-;- Private IP Address LAN,California;San Diego Gregory Hout Attorney at Law,-,sbcglobal.net
0,6.92E-07,4/15/2013 7:51,10.138.235.111,172.30.0.7,60586,80,0,0,240,132,4,2,0,1,-;- Private IP Address LAN,-;- Private IP Address LAN,-,-
0,6.92E-07,4/15/2013 7:51,10.138.235.111,172.30.0.6,60586,80,0,0,240,132,4,2,0,1,-;- Private IP Address LAN,-;- Private IP Address LAN,-,-
0,6.92E-07,4/15/2013 7:51,10.138.235.111,172.30.0.5,60586,80,0,0,240,132,4,2,0,1,-;- Private IP Address LAN,-;- Private IP Address LAN,-,-
0,6.92E-07,4/15/2013 7:51,10.138.235.111,172.30.0.4,60586,80,0,0,240,132,4,2,0,1,-;- Private IP Address LAN,-;- Private IP Address LAN,-,-
0,6.93E-07,4/14/2013 17:06,10.138.235.111,172.20.0.2,38209,3389,0,0,260,74,4,1,0,1,-;- Private IP Address LAN,-;- Private IP Address LAN,-,-
0,6.93E-07,4/14/2013 17:53,10.138.235.111,172.30.0.2,40569,3389,0,0,260,58,4,1,0,1,-;- Private IP Address LAN,-;- Private IP Address LAN,-,-
0,6.99E-07,4/12/2013 15:34,10.12.14.15,172.20.0.2,51637,3389,0,0,296,0,4,0,0,1,-;- Private IP Address LAN,-;- Private IP Address LAN,-,-
0,6.99E-07,4/12/2013 15:34,10.12.14.15,172.20.0.2,51630,3389,0,0,296,0,4,0,0,1,-;- Private IP Address LAN,-;- Private IP Address LAN,-,-
0,7.02E-07,4/14/2013 0:46,10.40.164.25,172.30.0.6,26246,80,170,297,394,467,4,3,0,1,-;- Private IP Address LAN,-;- Private IP Address LAN,-,-
0,7.07E-07,4/15/2013 7:22,10.62.15.101,172.20.0.3,6830,25,0,0,62,240,1,4,0,1,-;- Private IP Address LAN,-;- Private IP Address LAN,-,-
0,7.15E-07,4/14/2013 1:39,10.83.101.25,172.20.0.6,42456,80,170,340,394,510,4,3,0,1,-;- Private IP Address LAN,-;- Private IP Address LAN,-,-
0,7.24E-07,4/11/2013 12:02,10.12.14.15,172.10.0.4,11814,80,0,0,286,116,5,2,0,1,-;- Private IP Address LAN,California;San Diego Gregory Hout Attorney at Law,-,sbcglobal.net
0,7.32E-07,4/14/2013 15:01,10.0.0.42,172.30.0.4,50597,80,19,1006,181,1114,3,2,0,1,-;- Private IP Address LAN,-;- Private IP Address LAN,-,-
0,7.33E-07,4/13/2013 23:22,10.0.3.77,172.20.0.3,20157,25,0,94,170,210,3,2,0,1,-;- Private IP Address LAN,-;- Private IP Address LAN,-,-
0,7.47E-07,4/14/2013 11:21,172.10.0.9,10.138.235.111,80,61641,0,0,58,112,1,2,1,0,Texas;Richardson LA Jolla Baking Co,-;- Private IP Address LAN,sbcglobal.net,-
0,7.47E-07,4/13/2013 6:01,172.10.0.9,10.17.15.10,80,40719,0,0,58,112,1,2,1,0,Texas;Richardson LA Jolla Baking Co,-;- Private IP Address LAN,sbcglobal.net,-
0,7.47E-07,4/11/2013 11:42,172.30.0.7,10.12.15.152,80,60908,0,0,58,112,1,2,1,0,-;- Private IP Address LAN,-;- Private IP Address LAN,-,-
0,7.47E-07,4/11/2013 11:38,172.30.0.6,10.12.15.152,80,60988,0,0,58,112,1,2,1,0,-;- Private IP Address LAN,-;- Private IP Address LAN,-,-
0,7.49E-07,4/10/2013 12:32,172.10.0.8,10.13.77.49,3389,61918,0,0,54,58,1,1,1,0,Texas;Richardson LA Jolla Baking Co,-;- Private IP Address LAN,sbcglobal.net,-
0,7.51E-07,4/12/2013 8:35,172.30.1.226,10.0.0.7,54308,80,183,3008136,704585,3762470,13033,13969,1,0,-;- Private IP Address LAN,-;- Private IP Address LAN,-,-
0,7.64E-07,4/14/2013 15:01,10.138.235.111,172.30.0.4,13464,80,19,1006,181,1114,3,2,0,1,-;- Private IP Address LAN,-;- Private IP Address LAN,-,-
0,7.64E-07,4/14/2013 15:01,10.138.235.111,172.30.0.4,13465,80,19,1006,181,1114,3,2,0,1,-;- Private IP Address LAN,-;- Private IP Address LAN,-,-
0,7.72E-07,4/15/2013 8:45,172.10.0.50,172.255.255.255,137,137,200,0,368,0,4,0,1,1,Texas;Richardson Scott L Brown,Arizona;Phoenix Nobis Technology Group LLC,sbcglobal.net,nobistech.net
0,7.72E-07,4/14/2013 9:31,172.10.0.50,172.255.255.255,138,138,1535,0,1871,0,8,0,1,1,Texas;Richardson Scott L Brown,Arizona;Phoenix Nobis Technology Group LLC,sbcglobal.net,nobistech.net
0,7.72E-07,4/12/2013 7:05,172.10.0.50,172.255.255.255,137,137,200,0,368,0,4,0,1,1,Texas;Richardson Scott L Brown,Arizona;Phoenix Nobis Technology Group LLC,sbcglobal.net,nobistech.net
0,7.72E-07,4/14/2013 9:30,172.10.0.50,172.255.255.255,137,137,200,0,368,0,4,0,1,1,Texas;Richardson Scott L Brown,Arizona;Phoenix Nobis Technology Group LLC,sbcglobal.net,nobistech.net
0,7.73E-07,4/14/2013 17:03,10.13.77.49,172.10.0.3,21673,25,0,94,224,318,4,4,0,1,-;- Private IP Address LAN,California;San Diego Gregory Hout Attorney at Law,-,sbcglobal.net
0,7.73E-07,4/10/2013 17:04,10.13.77.49,172.10.0.3,35732,25,0,94,224,318,4,4,0,1,-;- Private IP Address LAN,California;San Diego Gregory Hout Attorney at Law,-,sbcglobal.net
0,7.74E-07,4/15/2013 8:40,172.30.1.18,10.0.0.10,1932,80,0,433,224,657,4,4,1,0,-;- Private IP Address LAN,-;- Private IP Address LAN,-,-
0,7.75E-07,4/15/2013 9:02,172.10.2.115,10.0.0.5,12899,80,151,432,321,602,3,3,1,0,Texas;Richardson Laaco Ltd C O Prop MGT,-;- Private IP Address LAN,sbcglobal.net,-
0,7.75E-07,4/14/2013 6:48,172.10.1.23,10.0.0.12,5572,80,0,433,170,657,3,4,1,0,Texas;Richardson Royce Business Services,-;- Private IP Address LAN,sbcglobal.net,-
0,7.75E-07,4/12/2013 15:45,10.12.15.152,172.10.0.40,47436,3389,0,0,240,132,4,2,0,1,-;- Private IP Address LAN,Texas;Richardson Laurie Hatfield DBA,-,sbcglobal.net
0,7.76E-07,4/15/2013 8:43,172.20.2.11,10.0.0.13,4556,80,0,433,170,595,3,3,1,0,-;- Private IP Address LAN,-;- Private IP Address LAN,-,-
0,7.76E-07,4/11/2013 11:53,172.10.0.3,224.0.0.252,63251,5355,44,0,128,0,2,0,1,0,California;San Diego Gregory Hout Attorney at Law,-;- Multicast,sbcglobal.net,-
0,7.76E-07,4/10/2013 7:29,172.10.1.119,10.199.250.2,3171,47070,0,71760,1574,74630,29,53,1,0,Texas;Richardson Travel University,-;- Private IP Address LAN,sbcglobal.net,-
0,7.76E-07,4/10/2013 7:32,172.10.1.119,10.199.250.2,4980,47188,0,28521,764,29771,14,23,1,0,Texas;Richardson Travel University,-;- Private IP Address LAN,sbcglobal.net,-
0,7.76E-07,4/10/2013 7:45,172.10.1.119,10.199.250.2,4090,47449,0,0,286,170,5,3,1,0,Texas;Richardson Travel University,-;- Private IP Address LAN,sbcglobal.net,-
0,7.76E-07,4/10/2013 7:36,172.10.1.147,10.199.250.2,2981,47265,0,71189,1628,74167,30,55,1,0,Texas;Richardson Karen Misra,-;- Private IP Address LAN,sbcglobal.net,-
0,7.76E-07,4/10/2013 7:32,172.10.1.147,10.199.250.2,4424,47158,0,28521,764,29771,14,23,1,0,Texas;Richardson Karen Misra,-;- Private IP Address LAN,sbcglobal.net,-
0,7.76E-07,4/10/2013 7:29,172.10.1.141,10.199.250.2,3096,47049,0,105542,3032,109924,56,81,1,0,Texas;Richardson Irvine Company,-;- Private IP Address LAN,irvinecompany.com,-
0,7.76E-07,4/10/2013 7:36,172.10.1.141,10.199.250.2,2433,47239,0,105542,2330,109924,43,81,1,0,Texas;Richardson Irvine Company,-;- Private IP Address LAN,irvinecompany.com,-
0,7.76E-07,4/10/2013 7:32,172.10.1.141,10.199.250.2,3844,47133,0,83794,2060,87204,38,63,1,0,Texas;Richardson Irvine Company,-;- Private IP Address LAN,irvinecompany.com,-
0,7.76E-07,4/10/2013 7:29,172.10.1.103,10.199.250.2,3213,47074,0,71760,1574,74630,29,53,1,0,Texas;Richardson Wilfred Baltazar JR,-;- Private IP Address LAN,sbcglobal.net,-
0,7.76E-07,4/10/2013 7:40,172.10.1.103,10.199.250.2,1276,47354,0,28521,764,29717,14,22,1,0,Texas;Richardson Wilfred Baltazar JR,-;- Private IP Address LAN,sbcglobal.net,-
0,7.76E-07,4/10/2013 7:33,172.10.1.103,10.199.250.2,1248,47200,0,28521,764,29771,14,23,1,0,Texas;Richardson Wilfred Baltazar JR,-;- Private IP Address LAN,sbcglobal.net,-
0,7.76E-07,4/10/2013 7:36,172.10.1.103,10.199.250.2,3339,47283,0,71189,1574,74059,29,53,1,0,Texas;Richardson Wilfred Baltazar JR,-;- Private IP Address LAN,sbcglobal.net,-
0,7.76E-07,4/10/2013 7:36,172.10.1.173,10.199.250.2,2741,47255,0,28521,764,29771,14,23,1,0,Texas;Richardson Wholesome Choice Pet Market,-;- Private IP Address LAN,sbcglobal.net,-
0,7.76E-07,4/10/2013 7:43,172.10.1.173,10.199.250.2,2639,47425,0,83794,2396,87258,42,64,1,0,Texas;Richardson Wholesome Choice Pet Market,-;- Private IP Address LAN,sbcglobal.net,-
0,7.76E-07,4/10/2013 7:40,172.10.1.173,10.199.250.2,4797,47340,0,71760,1574,74630,29,53,1,0,Texas;Richardson Wholesome Choice Pet Market,-;- Private IP Address LAN,sbcglobal.net,-
0,7.76E-07,4/10/2013 7:29,172.10.1.167,10.199.250.2,3166,47068,0,71760,1574,74630,29,53,1,0,Texas;Richardson 1-800-Taxicab Inc,-;- Private IP Address LAN,sbcglobal.net,-
0,7.76E-07,4/10/2013 7:32,172.10.1.167,10.199.250.2,5000,47191,0,83794,2438,87204,45,63,1,0,Texas;Richardson 1-800-Taxicab Inc,-;- Private IP Address LAN,sbcglobal.net,-
0,7.76E-07,4/10/2013 7:41,172.10.1.167,10.199.250.2,2880,47408,0,28521,764,29771,14,23,1,0,Texas;Richardson 1-800-Taxicab Inc,-;- Private IP Address LAN,sbcglobal.net,-
0,7.76E-07,4/10/2013 7:29,172.10.1.179,10.199.250.2,2869,47029,0,28521,764,29771,14,23,1,0,Texas;Richardson Wholesome Choice Pet Market,-;- Private IP Address LAN,sbcglobal.net,-
0,7.76E-07,4/10/2013 7:32,172.10.1.179,10.199.250.2,3433,47123,0,71760,1574,74630,29,53,1,0,Texas;Richardson Wholesome Choice Pet Market,-;- Private IP Address LAN,sbcglobal.net,-
0,7.76E-07,4/10/2013 7:35,172.10.1.179,10.199.250.2,1720,47217,0,105542,2762,109924,51,81,1,0,Texas;Richardson Wholesome Choice Pet Market,-;- Private IP Address LAN,sbcglobal.net,-
0,7.76E-07,4/10/2013 7:29,172.10.1.105,10.199.250.2,3375,47089,0,28521,764,29717,14,22,1,0,Texas;Richardson Benifitsources Insurance Servi,-;- Private IP Address LAN,sbcglobal.net,-
0,7.76E-07,4/10/2013 7:33,172.10.1.105,10.199.250.2,1395,47204,0,71189,2168,74167,40,55,1,0,Texas;Richardson Benifitsources Insurance Servi,-;- Private IP Address LAN,sbcglobal.net,-
0,7.76E-07,4/10/2013 7:40,172.10.1.105,10.199.250.2,1700,47378,0,71189,1628,74113,30,54,1,0,Texas;Richardson Benifitsources Insurance Servi,-;- Private IP Address LAN,sbcglobal.net,-
0,7.76E-07,4/10/2013 7:32,172.10.1.110,10.199.250.2,4747,47174,0,28521,926,29771,17,23,1,0,Texas;Richardson Benifitsources Insurance Servi,-;- Private IP Address LAN,sbcglobal.net,-
0,7.76E-07,4/10/2013 7:41,172.10.1.110,10.199.250.2,2117,47389,0,28521,764,29771,14,23,1,0,Texas;Richardson Benifitsources Insurance Servi,-;- Private IP Address LAN,sbcglobal.net,-
0,7.76E-07,4/10/2013 7:36,172.10.1.110,10.199.250.2,3074,47271,0,28521,764,29771,14,23,1,0,Texas;Richardson Benifitsources Insurance Servi,-;- Private IP Address LAN,sbcglobal.net,-
0,7.77E-07,4/10/2013 7:32,172.10.1.142,10.199.250.2,3967,47134,0,28521,764,29771,14,23,1,0,Texas;Richardson Irvine Company,-;- Private IP Address LAN,irvinecompany.com,-
0,7.77E-07,4/10/2013 7:36,172.10.1.142,10.199.250.2,2786,47256,0,83794,2168,87258,40,64,1,0,Texas;Richardson Irvine Company,-;- Private IP Address LAN,irvinecompany.com,-
0,7.77E-07,4/10/2013 7:44,172.10.1.142,10.199.250.2,4086,47447,0,0,186,162,3,3,1,0,Texas;Richardson Irvine Company,-;- Private IP Address LAN,irvinecompany.com,-
0,7.77E-07,4/10/2013 7:29,172.10.1.142,10.199.250.2,3092,47048,0,105542,2708,109924,50,81,1,0,Texas;Richardson Irvine Company,-;- Private IP Address LAN,irvinecompany.com,-
0,7.77E-07,4/13/2013 7:03,172.20.1.221,10.0.0.10,24120,80,0,433,170,657,3,4,1,0,-;- Private IP Address LAN,-;- Private IP Address LAN,-,-
0,7.77E-07,4/10/2013 7:29,172.10.1.159,10.199.250.2,2797,47023,0,105542,2816,109924,52,81,1,0,Texas;Richardson Crossroads Smokehouse BBQ,-;- Private IP Address LAN,sbcglobal.net,-
0,7.77E-07,4/10/2013 7:32,172.10.1.159,10.199.250.2,4103,47142,0,0,224,170,4,3,1,0,Texas;Richardson Crossroads Smokehouse BBQ,-;- Private IP Address LAN,sbcglobal.net,-
0,7.77E-07,4/10/2013 7:43,172.10.1.159,10.199.250.2,2192,47421,0,28521,1130,29825,19,24,1,0,Texas;Richardson Crossroads Smokehouse BBQ,-;- Private IP Address LAN,sbcglobal.net,-
0,7.77E-07,4/10/2013 7:39,172.10.1.159,10.199.250.2,4176,47324,0,71760,1574,74630,29,53,1,0,Texas;Richardson Crossroads Smokehouse BBQ,-;- Private IP Address LAN,sbcglobal.net,-
0,7.77E-07,4/10/2013 7:35,172.10.1.159,10.199.250.2,1882,47222,0,28521,764,29771,14,23,1,0,Texas;Richardson Crossroads Smokehouse BBQ,-;- Private IP Address LAN,sbcglobal.net,-
0,7.77E-07,4/10/2013 7:36,172.10.1.114,10.199.250.2,2531,47244,0,71189,2006,74221,37,56,1,0,Texas;Richardson Travel University,-;- Private IP Address LAN,sbcglobal.net,-
0,7.77E-07,4/10/2013 7:32,172.10.1.114,10.199.250.2,4428,47159,0,105542,2330,109924,43,81,1,0,Texas;Richardson Travel University,-;- Private IP Address LAN,sbcglobal.net,-
0,7.77E-07,4/10/2013 7:29,172.10.1.114,10.199.250.2,2963,47039,0,83794,2438,87204,45,63,1,0,Texas;Richardson Travel University,-;- Private IP Address LAN,sbcglobal.net,-
0,7.77E-07,4/10/2013 7:29,172.10.1.176,10.199.250.2,2695,47015,0,28521,764,29771,14,23,1,0,Texas;Richardson Wholesome Choice Pet Market,-;- Private IP Address LAN,sbcglobal.net,-
0,7.77E-07,4/10/2013 7:32,172.10.1.176,10.199.250.2,4009,47137,0,28521,764,29771,14,23,1,0,Texas;Richardson Wholesome Choice Pet Market,-;- Private IP Address LAN,sbcglobal.net,-
0,7.77E-07,4/10/2013 7:36,172.10.1.176,10.199.250.2,2199,47230,0,28521,764,29771,14,23,1,0,Texas;Richardson Wholesome Choice Pet Market,-;- Private IP Address LAN,sbcglobal.net,-
0,7.77E-07,4/10/2013 7:40,172.10.1.176,10.199.250.2,4606,47334,0,28521,764,29717,14,22,1,0,Texas;Richardson Wholesome Choice Pet Market,-;- Private IP Address LAN,sbcglobal.net,-
0,7.77E-07,4/10/2013 7:29,172.10.1.140,10.199.250.2,3251,47081,0,72436,1574,75360,29,54,1,0,Texas;Richardson Irvine Company,-;- Private IP Address LAN,irvinecompany.com,-
0,7.77E-07,4/10/2013 7:32,172.10.1.140,10.199.250.2,4907,47181,0,83794,2384,87258,44,64,1,0,Texas;Richardson Irvine Company,-;- Private IP Address LAN,irvinecompany.com,-
0,7.77E-07,4/10/2013 7:36,172.10.1.140,10.199.250.2,3036,47268,0,71189,1898,74113,35,54,1,0,Texas;Richardson Irvine Company,-;- Private IP Address LAN,irvinecompany.com,-
0,7.77E-07,4/10/2013 7:40,172.10.1.140,10.199.250.2,1673,47374,0,71760,1574,74630,29,53,1,0,Texas;Richardson Irvine Company,-;- Private IP Address LAN,irvinecompany.com,-
0,7.77E-07,4/10/2013 7:37,172.10.1.133,10.199.250.2,3939,47308,0,71760,1574,74630,29,53,1,0,Texas;Richardson Service Master Absolute Fire &,-;- Private IP Address LAN,sbcglobal.net,-
0,7.77E-07,4/10/2013 7:40,172.10.1.133,10.199.250.2,1856,47384,0,105542,2330,109924,43,81,1,0,Texas;Richardson Service Master Absolute Fire &,-;- Private IP Address LAN,sbcglobal.net,-
0,7.77E-07,4/10/2013 7:32,172.10.1.133,10.199.250.2,4946,47186,0,71189,2060,74113,38,54,1,0,Texas;Richardson Service Master Absolute Fire &,-;- Private IP Address LAN,sbcglobal.net,-
0,7.77E-07,4/10/2013 7:44,172.10.1.133,10.199.250.2,3417,47440,0,72569,2342,75493,41,54,1,0,Texas;Richardson Service Master Absolute Fire &,-;- Private IP Address LAN,sbcglobal.net,-
0,7.77E-07,4/10/2013 7:32,172.10.1.161,10.199.250.2,4938,47184,0,28521,764,29771,14,23,1,0,Texas;Richardson 1-800-Taxicab Inc,-;- Private IP Address LAN,sbcglobal.net,-
0,7.77E-07,4/10/2013 7:29,172.10.1.161,10.199.250.2,3292,47085,0,71760,1574,74630,29,53,1,0,Texas;Richardson 1-800-Taxicab Inc,-;- Private IP Address LAN,sbcglobal.net,-
0,7.77E-07,4/13/2013 23:36,172.10.1.161,10.1.0.75,2263,80,176,433,400,549,4,2,1,0,Texas;Richardson 1-800-Taxicab Inc,-;- Private IP Address LAN,sbcglobal.net,-
0,7.77E-07,4/10/2013 7:36,172.10.1.161,10.199.250.2,2899,47261,0,28521,764,29771,14,23,1,0,Texas;Richardson 1-800-Taxicab Inc,-;- Private IP Address LAN,sbcglobal.net,-
0,7.77E-07,4/10/2013 7:40,172.10.1.161,10.199.250.2,1572,47370,0,28521,764,29717,14,22,1,0,Texas;Richardson 1-800-Taxicab Inc,-;- Private IP Address LAN,sbcglobal.net,-
0,7.77E-07,4/10/2013 7:40,172.10.1.146,10.199.250.2,4665,47336,0,71760,1574,74630,29,53,1,0,Texas;Richardson Karen Misra,-;- Private IP Address LAN,sbcglobal.net,-
0,7.77E-07,4/10/2013 7:36,172.10.1.146,10.199.250.2,2253,47231,0,28521,764,29771,14,23,1,0,Texas;Richardson Karen Misra,-;- Private IP Address LAN,sbcglobal.net,-
0,7.77E-07,4/10/2013 7:32,172.10.1.146,10.199.250.2,4614,47169,0,28521,764,29771,14,23,1,0,Texas;Richardson Karen Misra,-;- Private IP Address LAN,sbcglobal.net,-
0,7.77E-07,4/10/2013 7:29,172.10.1.127,10.199.250.2,2944,47037,0,83794,2438,87258,45,64,1,0,Texas;Richardson Noonan Family Swim School,-;- Private IP Address LAN,sbcglobal.net,-
0,7.77E-07,4/10/2013 7:31,172.10.1.127,10.199.250.2,3244,47117,0,71760,1574,74630,29,53,1,0,Texas;Richardson Noonan Family Swim School,-;- Private IP Address LAN,sbcglobal.net,-
0,7.77E-07,4/10/2013 7:36,172.10.1.127,10.199.250.2,2354,47236,0,83794,1898,87258,35,64,1,0,Texas;Richardson Noonan Family Swim School,-;- Private IP Address LAN,sbcglobal.net,-
0,7.77E-07,4/10/2013 7:37,172.10.1.124,10.199.250.2,3727,47300,0,72436,1574,75360,29,54,1,0,Texas;Richardson Noonan Family Swim School,-;- Private IP Address LAN,sbcglobal.net,-
0,7.77E-07,4/10/2013 7:41,172.10.1.124,10.199.250.2,2161,47390,0,105542,3086,109924,57,81,1,0,Texas;Richardson Noonan Family Swim School,-;- Private IP Address LAN,sbcglobal.net,-
0,7.77E-07,4/10/2013 7:29,172.10.1.124,10.199.250.2,3542,47104,0,71760,1574,74630,29,53,1,0,Texas;Richardson Noonan Family Swim School,-;- Private IP Address LAN,sbcglobal.net,-
0,7.77E-07,4/10/2013 7:33,172.10.1.124,10.199.250.2,1173,47197,0,71189,1736,74113,32,54,1,0,Texas;Richardson Noonan Family Swim School,-;- Private IP Address LAN,sbcglobal.net,-
0,7.77E-07,4/10/2013 7:29,172.10.1.158,10.199.250.2,3023,47045,0,28521,764,29771,14,23,1,0,Texas;Richardson Crossroads Smokehouse BBQ,-;- Private IP Address LAN,sbcglobal.net,-
0,7.77E-07,4/10/2013 7:36,172.10.1.158,10.199.250.2,2542,47245,0,28521,764,29771,14,23,1,0,Texas;Richardson Crossroads Smokehouse BBQ,-;- Private IP Address LAN,sbcglobal.net,-
0,7.77E-07,4/10/2013 7:32,172.10.1.158,10.199.250.2,3987,47136,0,105542,2924,109924,54,81,1,0,Texas;Richardson Crossroads Smokehouse BBQ,-;- Private IP Address LAN,sbcglobal.net,-
0,7.77E-07,4/10/2013 7:32,172.10.1.101,10.199.250.2,4833,47178,0,83794,3086,87258,57,64,1,0,Texas;Richardson Wilfred Baltazar JR,-;- Private IP Address LAN,sbcglobal.net,-
0,7.77E-07,4/10/2013 7:29,172.10.1.101,10.199.250.2,3365,47087,0,28521,764,29717,14,22,1,0,Texas;Richardson Wilfred Baltazar JR,-;- Private IP Address LAN,sbcglobal.net,-
0,7.77E-07,4/10/2013 7:36,172.10.1.101,10.199.250.2,3265,47279,0,28521,764,29717,14,22,1,0,Texas;Richardson Wilfred Baltazar JR,-;- Private IP Address LAN,sbcglobal.net,-
0,7.77E-07,4/10/2013 7:40,172.10.1.101,10.199.250.2,1501,47366,0,71760,1574,74630,29,53,1,0,Texas;Richardson Wilfred Baltazar JR,-;- Private IP Address LAN,sbcglobal.net,-
0,7.77E-07,4/10/2013 7:46,172.10.1.101,10.199.250.2,3798,47443,0,72528,2336,75884,42,62,1,0,Texas;Richardson Wilfred Baltazar JR,-;- Private IP Address LAN,sbcglobal.net,-
0,7.77E-07,4/10/2013 7:32,172.10.1.102,10.199.250.2,4787,47176,0,28521,764,29771,14,23,1,0,Texas;Richardson Wilfred Baltazar JR,-;- Private IP Address LAN,sbcglobal.net,-
0,7.77E-07,4/10/2013 7:41,172.10.1.102,10.199.250.2,2180,47392,0,28521,764,29771,14,23,1,0,Texas;Richardson Wilfred Baltazar JR,-;- Private IP Address LAN,sbcglobal.net,-
0,7.77E-07,4/10/2013 7:29,172.10.1.164,10.199.250.2,3236,47079,0,71760,1574,74630,29,53,1,0,Texas;Richardson 1-800-Taxicab Inc,-;- Private IP Address LAN,sbcglobal.net,-
0,7.77E-07,4/10/2013 7:33,172.10.1.164,10.199.250.2,1272,47201,0,105542,2870,109924,53,81,1,0,Texas;Richardson 1-800-Taxicab Inc,-;- Private IP Address LAN,sbcglobal.net,-
0,7.77E-07,4/10/2013 7:37,172.10.1.164,10.199.250.2,3621,47294,0,71760,1574,74630,29,53,1,0,Texas;Richardson 1-800-Taxicab Inc,-;- Private IP Address LAN,sbcglobal.net,-
0,7.77E-07,4/10/2013 7:32,172.10.1.125,10.199.250.2,1079,47193,0,71189,2168,74221,40,56,1,0,Texas;Richardson Noonan Family Swim School,-;- Private IP Address LAN,sbcglobal.net,-
0,7.77E-07,4/10/2013 7:41,172.10.1.125,10.199.250.2,2718,47402,0,83794,1898,87258,35,64,1,0,Texas;Richardson Noonan Family Swim School,-;- Private IP Address LAN,sbcglobal.net,-
0,7.77E-07,4/10/2013 7:29,172.10.1.125,10.199.250.2,3145,47059,0,71189,1574,74059,29,53,1,0,Texas;Richardson Noonan Family Swim School,-;- Private IP Address LAN,sbcglobal.net,-
0,7.77E-07,4/10/2013 7:29,172.10.1.135,10.199.250.2,3451,47098,0,71189,1574,74059,29,53,1,0,Texas;Richardson Service Master Absolute Fire &,-;- Private IP Address LAN,sbcglobal.net,-
0,7.77E-07,4/10/2013 7:32,172.10.1.135,10.199.250.2,4585,47168,0,105542,2762,109924,51,81,1,0,Texas;Richardson Service Master Absolute Fire &,-;- Private IP Address LAN,sbcglobal.net,-
0,7.77E-07,4/10/2013 7:36,172.10.1.135,10.199.250.2,3070,47270,0,83794,2438,87204,45,63,1,0,Texas;Richardson Service Master Absolute Fire &,-;- Private IP Address LAN,sbcglobal.net,-
0,7.77E-07,4/10/2013 7:36,172.10.1.148,10.199.250.2,2819,47258,0,83794,2384,87204,44,63,1,0,Texas;Richardson Karen Misra,-;- Private IP Address LAN,sbcglobal.net,-
0,7.77E-07,4/10/2013 7:32,172.10.1.148,10.199.250.2,4662,47171,0,71189,1682,74167,31,55,1,0,Texas;Richardson Karen Misra,-;- Private IP Address LAN,sbcglobal.net,-
0,7.77E-07,4/10/2013 7:41,172.10.1.148,10.199.250.2,2622,47400,0,105542,3518,109924,65,81,1,0,Texas;Richardson Karen Misra,-;- Private IP Address LAN,sbcglobal.net,-
0,7.77E-07,4/10/2013 7:29,172.10.1.148,10.199.250.2,3034,47046,0,71189,1628,74167,30,55,1,0,Texas;Richardson Karen Misra,-;- Private IP Address LAN,sbcglobal.net,-
0,7.77E-07,4/10/2013 7:37,172.10.1.132,10.199.250.2,3852,47306,0,71189,1628,74113,30,54,1,0,Texas;Richardson Service Master Absolute Fire &,-;- Private IP Address LAN,sbcglobal.net,-
0,7.77E-07,4/10/2013 7:32,172.10.1.132,10.199.250.2,4990,47189,0,105542,2654,109924,49,81,1,0,Texas;Richardson Service Master Absolute Fire &,-;- Private IP Address LAN,sbcglobal.net,-
0,7.77E-07,4/10/2013 7:41,172.10.1.132,10.199.250.2,2712,47401,0,83794,2006,87258,37,64,1,0,Texas;Richardson Service Master Absolute Fire &,-;- Private IP Address LAN,sbcglobal.net,-
0,7.77E-07,4/10/2013 7:36,172.10.1.180,10.199.250.2,2676,47252,0,71189,2168,74167,40,55,1,0,Texas;Richardson Wholesome Choice Pet Market,-;- Private IP Address LAN,sbcglobal.net,-
0,7.77E-07,4/10/2013 7:41,172.10.1.180,10.199.250.2,2173,47391,0,71189,2330,74167,43,55,1,0,Texas;Richardson Wholesome Choice Pet Market,-;- Private IP Address LAN,sbcglobal.net,-
0,7.77E-07,4/10/2013 7:32,172.10.1.180,10.199.250.2,4336,47155,0,65536,1466,68244,27,50,1,0,Texas;Richardson Wholesome Choice Pet Market,-;- Private IP Address LAN,sbcglobal.net,-
0,7.77E-07,4/10/2013 7:29,172.10.1.137,10.199.250.2,2849,47028,0,105542,3572,109924,66,81,1,0,Texas;Richardson Irvine Company,-;- Private IP Address LAN,irvinecompany.com,-
0,7.77E-07,4/10/2013 7:36,172.10.1.137,10.199.250.2,2122,47226,0,28521,764,29771,14,23,1,0,Texas;Richardson Irvine Company,-;- Private IP Address LAN,irvinecompany.com,-
0,7.77E-07,4/10/2013 7:36,172.10.1.134,10.199.250.2,2388,47237,0,83794,2546,87258,47,64,1,0,Texas;Richardson Service Master Absolute Fire &,-;- Private IP Address LAN,sbcglobal.net,-
0,7.77E-07,4/10/2013 7:29,172.10.1.134,10.199.250.2,2840,47026,0,105542,2924,109924,54,81,1,0,Texas;Richardson Service Master Absolute Fire &,-;- Private IP Address LAN,sbcglobal.net,-
0,7.77E-07,4/10/2013 7:43,172.10.1.134,10.199.250.2,2668,47426,0,65536,2078,68298,37,51,1,0,Texas;Richardson Service Master Absolute Fire &,-;- Private IP Address LAN,sbcglobal.net,-
